name,abbrev,left,sidechain,right
Alanine,A,N[C@@H],(C),C(=O)
Cysteine,C,N[C@@H],(CSC(C1=CC=CC=C1)(C2=CC=CC=C2)C3=CC=CC=C3),C(=O)
Aspartic Acid,D,N[C@@H],(CC(OC(C)(C)C)=O),C(=O)
Glutamic Acid,E,N[C@@H],(CCC(OC(C)(C)C)=O),C(=O)
Phenylalanine,F,N[C@@H],(CC1=CC=CC=C1),C(=O)
Glycine,G,NC,,C(=O)
Histidine,H,N[C@@H],(CC1=CN=CN1C(C2=CC=CC=C2)(C3=CC=CC=C3)C4=CC=CC=C4),C(=O)
Isoleucine,I,N[C@@H],([C@@H](C)CC),C(=O)
Lysine,K,N[C@@H],(CCCCNC(OC(C)(C)C)=O),C(=O)
Leucine,L,N[C@@H],(CC(C)C),C(=O)
Methionine,M,N[C@@H],(CCSC),C(=O)
Asparagine,N,N[C@@H],(CC(NC(C1=CC=CC=C1)(C2=CC=CC=C2)C3=CC=CC=C3)=O),C(=O)
Proline,P,N1CCC[C@H]1,,C(=O)
Glutamine,Q,N[C@@H],(CCC(NC(C1=CC=CC=C1)(C2=CC=CC=C2)C3=CC=CC=C3)=O),C(=O)
Arginine,R,N[C@@H],(CCCNC(NS(C1=C(C)C(CC(C)(C)O2)=C2C(C)=C1C)(=O)=O)=N),C(=O)
Serine,S,N[C@@H],(COC(C)(C)C),C(=O)
Threonine,T,N[C@@H],([C@H](OC(C)(C)C)C),C(=O)
Valine,V,N[C@@H],(C(C)C),C(=O)
Tryptophan,W,N[C@@H],(CC1=CN(C(OC(C)(C)C)=O)C2=C1C=CC=C2),C(=O)
Tyrosine,Y,N[C@@H],(CC1=CC=C(OC(C)(C)C)C=C1),C(=O)
